"","time_t","time_p","var_t","var_p","int_t","int_p","alc_l025","alc_u975","int_l025","int_u975","alc_ifsig","alc_sig_dir","int_ifsig","int_sig_dir"
"wu_net_aLp",-35.0259515690118,5.09980592171527e-150,-1.19732786716445,0.231428793909518,2.67882241027408,0.00759901867229127,-2.36552256787231,2.10077834949867,-1.93357981984499,1.94382797280339,FALSE,0,TRUE,1
"wu_net_adeg",35.0853465165021,4.23648673869265e-149,-0.473638801482626,0.635851599479207,-0.964386692769403,0.335266974670474,-1.6065323656889,1.49454373127972,-1.9458633532064,1.99054653536211,FALSE,0,FALSE,0
"wu_net_aCp",-2.42689265086158,0.015507135729016,-1.45271176692926,0.146587803607305,1.85433073342344,0.0642014939844541,-2.09438889253341,2.35415982077243,-1.92173977494813,1.96666311946933,FALSE,0,FALSE,0
"mgt_vsr_node_MTG",0.18887653828249,0.850249974616432,-2.25439856592769,0.024366942986034,3.74855634377872,0.000195708935638048,-1.725515977781,1.72080593188206,-1.93262990108789,2.02856876118545,TRUE,2,TRUE,1
