"","time_t","time_p","var_t","var_p","int_t","int_p","alc_l025","alc_u975","int_l025","int_u975","alc_ifsig","alc_sig_dir","int_ifsig","int_sig_dir"
"wu_net_aLp-alc_changes",-29.1064801842586,2.62584042341084e-121,-0.162687494542586,0.870790494767351,1.72562214483883,0.0848948171822225,-2.16904947010497,2.27146318500885,-1.94782143736281,1.82949109967139,FALSE,0,FALSE,0
"wu_net_adeg-alc_changes",28.4658060326554,3.58590146616001e-117,-0.694264137915054,0.487647485402825,-0.476928746581765,0.63357741509362,-1.59559672137904,1.65387874651575,-1.89436705178718,1.96101354379768,FALSE,0,FALSE,0
"wu_net_aCp-alc_changes",-2.49786881590873,0.0127305653412068,-1.57235108146388,0.116126812587308,1.7030330047127,0.0890438779623222,-2.07704896981583,2.21549156099002,-2.10385242340069,1.96460193531599,FALSE,0,FALSE,0
"mgt_vsr_node_MTG-alc_changes",-0.880661992858158,0.378813568871766,-2.67971059177595,0.00746633229559971,3.58909803052721,0.000357020075813847,-1.76582526288212,1.73542226325664,-1.99372107379385,2.01761099699692,TRUE,2,TRUE,1
