"","time_t","time_p","var_t","var_p","int_t","int_p","alc_ifsig","alc_sig_dir","int_ifsig","int_sig_dir","audit_cutoff"
"wu_net_aLp",-40.0828896866843,2.88414307921046e-185,-0.902281028743402,0.367078410597725,1.60760580925974,0.108411022136013,FALSE,0,FALSE,0,12
"wu_net_adeg",40.2890210714334,1.81334115667285e-185,0.429061704620384,0.667952442908925,-1.11129170298706,0.266864142398195,FALSE,0,FALSE,0,12
"wu_net_aCp",-2.02685401728289,0.0430453473024098,-0.520563011578275,0.602763837316412,1.04507899652146,0.296377892981741,FALSE,0,FALSE,0,12
"mgt_vsr_node_MTG",2.16481493682514,0.0307297777080154,-0.533338208532573,0.593893929026604,1.23914311741972,0.215743312755766,FALSE,0,FALSE,0,12
