"","time_t","time_p","var_t","var_p","int_t","int_p","alc_l025","alc_u975","int_l025","int_u975","alc_ifsig","alc_sig_dir","int_ifsig","int_sig_dir"
"wu_net_aLp-fu2_alc",-21.8580972400381,1.28921558489648e-66,-0.692393498192368,0.488950027119293,1.54182090453579,0.124097271480202,-2.30679644061275,2.16664558161898,-1.96493302060819,1.85758254790402,FALSE,0,FALSE,0
"wu_net_adeg-fu2_alc",21.2464997213636,6.01935184295853e-64,-0.0101940660064828,0.991869803353536,-0.135411011958392,0.892372512093392,-1.60700768928382,1.65803470269329,-1.87656187887108,1.87520897310907,FALSE,0,FALSE,0
"wu_net_aCp-fu2_alc",-2.16449134815994,0.0311262185655983,-0.846365244548423,0.397694757360414,1.71491732035708,0.0873199343706708,-2.03748367603601,2.27828192475565,-1.97756561294569,1.94832200703855,FALSE,0,FALSE,0
"mgt_vsr_node_MTG-fu2_alc",-1.75601335075035,0.0799873152824324,-3.13627468928174,0.00179400323569345,4.76517338592749,2.85114932663036e-06,-1.66227939130929,1.75790930086322,-2.04266899630664,1.92198638564047,TRUE,2,TRUE,1
